ID,Name,Prefixes,Tenant,Status,Role,Description,Tags,Group,Site
1,cisco-reservd-1,&mdash;,,Reserved,NOC,CISCO Switch default VLAN,Protect,Titanet,
3,peering-sinet-s,&mdash;,,Reserved,PEER,Peering segment to SINET from suzukakedai,L2,Titanet,
4,peering-sinet-o,"150.99.186.228/30

    2001:2f8:ff00:dc::/64",,Active,PEER,Peering segment to SINET,L2,Titanet,
9,sinet-l2-eduroam,&mdash;,,Active,PROJ,,L2,Titanet,
10,gsic.cc-qiq,&mdash;,,Active,BRANCH,Q-in-Q,,Titanet,
13,noc-m-flets-o,&mdash;,,Active,NOC,,,Titanet,
14,noc-m-flets-s,&mdash;,,Active,NOC,,,Titanet,
15,peering-apanjp4,203.181.194.128/27,,Active,PEER,Peering segment to APAN (IPv4),L2,Titanet,
16,peering-apanjp6,2001:200:e000:16::/64,,Active,PEER,Peering segment to APAN (IPv6),L2,Titanet,
28,noc-co2-sgw,131.112.255.216/30,,Active,NOC,,Global,Titanet,
31,noc-m-core-o,172.30.0.0/23,,Active,NOC,,"Private,Protect",Titanet,
32,noc-m-core-s,172.30.32.0/23,,Active,NOC,,"Private,Protect",Titanet,
33,noc-m-edge-o,172.30.2.0/23,,Active,NOC,,"Edge Mgmt VLAN (O),Private,Protect",Titanet,
34,noc-m-edge-s,172.30.34.0/23,,Active,NOC,,"Edge Mgmt VLAN (S),Private,Protect",Titanet,
35,noc-m-serv-o,172.30.8.0/22,,Active,NOC,,Private,Titanet,
36,noc-m-serv-s,172.30.40.0/22,,Active,NOC,,Private,Titanet,
37,noc-m-ext-o,172.30.16.0/23,,Active,NOC,,Private,Titanet,
38,noc-m-ext-s,172.30.48.0/23,,Active,NOC,,Private,Titanet,
39,noc-m-etc-o,172.30.30.0/23,,Active,NOC,,Private,Titanet,
40,noc-m-etc-s,172.30.62.0/23,,Active,NOC,,Private,Titanet,
49,noc-m-inter-core,172.30.255.0/24,,Active,NOC,,Private,Titanet,
50,gsic.cc-grid-1,&mdash;,,Active,BRANCH,,,Titanet,
54,gsic.cc-grid-2,&mdash;,,Active,BRANCH,,,Titanet,
55,noc.life,&mdash;,,Active,NOC,,,Titanet,
59,kurokawa-lab.genome,&mdash;,,Active,BRANCH,,,Titanet,
70,libra-1,&mdash;,,Active,BRANCH,,,Titanet,
71,libra-2,&mdash;,,Active,BRANCH,,,Titanet,
80,ric.ri-kanri,&mdash;,,Active,BRANCH,,,Titanet,
90,setubi.naisen,&mdash;,,Active,BRANCH,,,Titanet,
100,jim.tv-kaigi,&mdash;,,Active,BRANCH,,,Titanet,
102,peering-wide,131.112.253.232/29,,Active,PEER,Peering segment to WIDE,Global,Titanet,
112,tokyotech-o,172.29.0.0/21,,Active,NOC,キャンパス無線LAN TokyoTech用 (大岡山),"Private,Wi-Fi",Titanet,
113,tokyotech-s,172.29.24.0/21,,Active,NOC,キャンパス無線LAN TokyoTech用 (すずかけ台),"Private,Wi-Fi",Titanet,
130,jim.set-net,&mdash;,,Active,BRANCH,jim-SETnet,,Titanet,
131,jim.oj-net,&mdash;,,Active,BRANCH,jim-OJnet,,Titanet,
132,jim.on-net,&mdash;,,Active,BRANCH,jim-ONnet,,Titanet,
133,jim.os-net,&mdash;,,Active,BRANCH,jim-Osnet,,Titanet,
134,jim.ow-net,&mdash;,,Active,BRANCH,jim-Ownet,,Titanet,
135,jim.sj-net,&mdash;,,Active,BRANCH,jim-SJnet,,Titanet,
136,jim.so-net,&mdash;,,Active,BRANCH,jim-SOnet,,Titanet,
137,jim.t-net,&mdash;,,Active,BRANCH,jim-Tnet,,Titanet,
150,gsic.nyukan-o,&mdash;,,Active,BRANCH,,,Titanet,
151,gsic.nyukan-s,&mdash;,,Active,BRANCH,,,Titanet,
152,gsic.nap-inside,&mdash;,,Active,BRANCH,,,Titanet,
153,gsic.nap-outside,&mdash;,,Active,BRANCH,,,Titanet,
161,noc-event-nat-s1,&mdash;,,Active,NOC,,Wi-Fi,Titanet,
162,noc-event-nat-s2,&mdash;,,Active,NOC,,Wi-Fi,Titanet,
163,noc-event-nat-s3,&mdash;,,Active,NOC,,Wi-Fi,Titanet,
164,noc-event-nat-s4,&mdash;,,Active,NOC,,Wi-Fi,Titanet,
169,noc-event-eduroam,&mdash;,,Active,NOC,eduroamクライアントセグメント,Wi-Fi,Titanet,
171,noc-event-nat-m1,&mdash;,,Active,NOC,,Wi-Fi,Titanet,
173,noc-event-nat-l1,&mdash;,,Active,NOC,,Wi-Fi,Titanet,
254,opw_mon_suzukake,&mdash;,,Active,NOC,,,Titanet,
301,noc-mgmt-core-o,&mdash;,,Active,NOC,,,Titanet,
302,noc-mgmt-core-s,&mdash;,,Active,NOC,,,Titanet,
304,noc-mgmt-core-v,&mdash;,,Active,NOC,,,Titanet,
306,noc-mgmt-ext-o,&mdash;,,Active,NOC,,,Titanet,
307,noc-mgmt-ext-s,&mdash;,,Active,NOC,,,Titanet,
311,noc-mgmt-wlan-o,&mdash;,,Active,NOC,,,Titanet,
312,noc-mgmt-wlan-s,&mdash;,,Active,NOC,,,Titanet,
320,noc-srx3k-control,&mdash;,,Active,NOC,,,Titanet,
321,noc-srx3k-fabric,&mdash;,,Active,NOC,,,Titanet,
328,noc-daikou-in,172.28.0.0/22,,Active,NOC,,Private,Titanet,
329,noc-daikou-out,&mdash;,,Active,NOC,,Private,Titanet,
330,noc-event-o5,131.112.212.0/25,,Active,NOC,,Global,Titanet,
331,noc-event-o1,131.112.200.0/25,,Active,NOC,,Global,Titanet,
332,noc-event-o2,131.112.200.128/25,,Active,NOC,,Global,Titanet,
333,noc-event-o3,131.112.201.0/24,,Active,NOC,,Global,Titanet,
334,noc-event-o4,131.112.202.0/23,,Active,NOC,,Global,Titanet,
335,noc-event-s1,131.112.204.0/25,,Active,NOC,,Global,Titanet,
336,noc-event-s2,131.112.204.128/25,,Active,NOC,,Global,Titanet,
337,noc-event-s3,131.112.205.0/24,,Active,NOC,,Global,Titanet,
338,noc-event-s4,131.112.206.0/23,,Active,NOC,,Global,Titanet,
341,wi2-1,&mdash;,,Active,NOC,Wi2 ESSID: Wi2,Wi-Fi,Titanet,
342,wi2-2,&mdash;,,Active,NOC,Wi2 ESSID: Wi2_club,Wi-Fi,Titanet,
343,wi2-3,&mdash;,,Active,NOC,Wi2 ESSID: FON,Wi-Fi,Titanet,
344,wi2-4,&mdash;,,Reserved,NOC,Wi2用予約,Wi-Fi,Titanet,
351,noc-dns-o-farm,&mdash;,,Active,NOC,DNSレゾルバ (大岡山) SLBファーム用セグメント,,Titanet,
352,noc-proxy-o-serv,&mdash;,,Active,NOC,Webプロキシ (大岡山) SLBサービス用セグメント,,Titanet,
353,noc-proxy-o-farm,&mdash;,,Active,NOC,Webプロキシ (大岡山) SLBファーム用セグメント,,Titanet,
356,noc-serv-s-farm,&mdash;,,Active,NOC,(すずかけ台) SLBファーム用セグメント,,Titanet,
357,pubnet-nat-test,&mdash;,,Active,&mdash;,,,Titanet,
360,noc-m-wlan-o1,172.30.128.0/21,,Active,NOC,Tn4-w AP PoESW 管理セグメントNAT内側 (大岡山1),Private,Titanet,
361,noc-m-wlan-o2,172.30.136.0/21,,Active,NOC,Tn4-w AP PoESW 管理セグメントNAT内側 (大岡山2),Private,Titanet,
362,noc-m-wlan-s1,172.30.160.0/21,,Active,NOC,Tn4-w AP PoESW 管理セグメントNAT内側 (すずかけ台),Private,Titanet,
371,noc-m-share-cert1,172.30.224.0/24,,Active,NOC,CheckPoint (Maestro) 管理用,Private,Titanet,
374,noc-m-share-cert2,172.30.225.0/24,,Active,NOC,BMF (Big Switch) 管理用,Private,Titanet,
389,test-noc-s2,&mdash;,,Active,NOC,test-noc-s2,,Titanet,
390,noc-test-o,&mdash;,,Active,NOC,支線テスト用,,Titanet,
391,noc-mgmt-inter-os,&mdash;,,Active,NOC,管理セグメント間中継セグメント (大岡山-すずかけ台),,Titanet,
468,sisetu.seibi,131.112.248.112/28,,Active,BRANCH,すずかけ台施設総合企画課,Global,Titanet,
469,j-kiban-3,131.112.254.224/28,,Active,BRANCH,情報基盤課事務情報支援グループ,Global,Titanet,
470,infosyenergy-2,131.112.27.192/28,,Active,BRANCH,エネルギー・情報卓越教育院,Global,Titanet,
471,infosyenergy-1,131.112.248.96/28,,Active,BRANCH,エネルギー・情報卓越教育院,Global,Titanet,
472,ofc-3,172.20.36.0/26,,Active,BRANCH,オープンファシリティセンター,Private,Titanet,
473,ofc-2,131.112.85.192/26,,Active,BRANCH,オープンファシリティセンター,Global,Titanet,
474,sisetu.kikaku,131.112.245.208/28,,Active,BRANCH,施設運営部施設総合企画課,Global,Titanet,
475,gsic.vdi-2,172.20.34.0/23,,Active,BRANCH,学術国際情報センター,Private,Titanet,
476,gsic.vdi-1,131.112.244.208/28,,Active,BRANCH,学術国際情報センター,Global,Titanet,
477,ee-4,131.112.113.0/28,,Active,BRANCH,工学院電気電子系,Global,Titanet,
479,oil-2,&mdash;,,Active,BRANCH,"RWBNC-OIL プライベートVLAN, 学術国際情報センター",L2,Titanet,
480,senryaku-1,131.112.244.96/28,,Active,BRANCH,広報・社会連携本部,Global,Titanet,
481,wise-sss-1,131.112.242.128/26,,Active,BRANCH,超スマート社会卓越教育院,Global,Titanet,
482,peecs-1,131.112.248.32/28,,Active,BRANCH,実践型アントレプレナー人材育成プログラム (PEECsネットワーク),Global,Titanet,
484,tac-mi-2,131.112.20.64/27,,Active,BRANCH,物質・情報卓越教育院 (物質・情報卓越教育院南６教員利用ネットワーク),Global,Titanet,
485,somu-2,131.112.248.16/28,,Active,BRANCH,総務部総務課 (総務課会議室用ネットワーク(すずかけ台)),Global,Titanet,
486,somu-1,131.112.242.64/26,,Active,BRANCH,総務部総務課 (総務課会議室用ネットワーク),Global,Titanet,
487,tac-mi-1,131.112.20.0/24,,Active,BRANCH,物質・情報卓越大学院,Global,Titanet,
488,iir-5,131.112.53.64/27,,Active,BRANCH,科学技術創成研究院,Global,Titanet,
489,ksbs-1,131.112.243.96/27,,Active,BRANCH,研究推進部情報基盤課,Global,Titanet,
490,j-kiban-2,&mdash;,,Active,BRANCH,研究院支援課ネットワーク,,Titanet,
491,gsic.cc-12,172.20.80.0/22,,Active,BRANCH,GSIC-EDU2019-南4系,Private,Titanet,
492,gsic.cc-11,172.20.84.0/22,,Active,BRANCH,GSIC-EDU2019-GSIC系,Private,Titanet,
493,gsic.cc-10,172.24.16.0/22,,Active,BRANCH,GSIC-EDU2019-すずかけ台系,Private,Titanet,
494,gsic.cc-9,&mdash;,,Active,BRANCH,GSIC-EDU2019-管理線,,Titanet,
495,koho-1,131.112.244.80/28,,Active,BRANCH,広報・社会連携課,Global,Titanet,
496,eval-1,131.112.245.240/28,,Active,BRANCH,総務部 企画・評価課,Global,Titanet,
498,sangaku-3,172.26.8.0/24,,Active,BRANCH,研究産学連携本部 ORIネットワーク,Private,Titanet,
499,sangaku-2,131.112.249.192/28,,Active,BRANCH,研究・産学連携本部,Global,Titanet,
500,ofc-1,131.112.85.128/26,,Active,BRANCH,オープンファシリティセンター,Global,Titanet,
501,total-3,131.112.240.224/27,,Active,BRANCH,リーダーシップ教育院,Global,Titanet,
502,iir-4,172.26.7.0/24,,Active,BRANCH,科学技術創成研究院,Private,Titanet,
503,iir-3,131.112.170.0/26,,Active,BRANCH,科学技術創成研究院,Global,Titanet,
504,gsic.cc-8,&mdash;,,Active,BRANCH,"GSICホスティング管理線, 学術国際情報センター",,Titanet,
505,gsic.cc-7,&mdash;,,Active,BRANCH,"GSICホスティングストレージ線, 学術国際情報センター",,Titanet,
506,c-1,&mdash;,,Active,BRANCH,数理・計算科学系西8W11階プライベートネットワーク,L2,Titanet,
507,sci-1,131.112.116.0/24,,Active,BRANCH,理学院 地球惑星科学系,Global,Titanet,
508,ctrl-15,131.112.45.0/26,,Active,BRANCH,工学院 システム制御系,Global,Titanet,
509,iir-2,131.112.53.0/26,,Active,BRANCH,科学技術創成研究院 (大岡山共用) 未来産業技術研究所,Global,Titanet,
510,j-kiban-1,131.112.67.128/26,,Active,BRANCH,研究推進部情報基盤課,Global,Titanet,
512,oil-1,131.112.245.192/28,,Active,BRANCH,GSIC 遠藤先生 (RWBC-OIL),Global,Titanet,
513,t2r2-4,172.24.5.0/24,,Active,BRANCH,リサーチリポジトリWG (すずかけ台用),Private,Titanet,
514,iir-1,131.112.182.0/23,,Active,BRANCH,科学技術創成研究院 未来産業技術研究所,Global,Titanet,
515,irds-3,172.20.29.0/24,,Active,BRANCH,IR室,Private,Titanet,
516,mac-1,131.112.48.0/24,,Active,BRANCH,物質理工学院,Global,Titanet,
517,ens-1,172.20.25.192/26,,Active,BRANCH,環境・社会理工学院 融合理工学系,Private,Titanet,
518,dis-9,131.112.137.192/26,,Active,BRANCH,情報理工学院 (旧知能システム科学専攻),Global,Titanet,
519,dis-8,131.112.137.128/26,,Active,BRANCH,情報理工学院 (旧知能システム科学専攻),Global,Titanet,
521,dis-7,131.112.172.192/27,,Active,BRANCH,情報理工学院 (旧知能システム科学専攻),Global,Titanet,
523,iidp-1,172.20.72.0/24,,Active,BRANCH,イノベーション人材養成機構 (IIDP),Private,Titanet,
524,gsic-15,172.20.30.128/25,,Active,BRANCH,,Private,Titanet,
526,gsic-14,131.112.6.128/25,,Active,BRANCH,,Global,Titanet,
528,irds-2,&mdash;,,Active,BRANCH,"情報活用IR室プライベートネットワーク, 情報活用IR室",L2,Titanet,
530,rpd-1,131.112.245.176/28,,Active,BRANCH,研究推進部 研究設備管理・共用化システムネットワーク,Global,Titanet,
532,cert-2,172.20.8.0/24,,Active,BRANCH,情報セキュリティ監査・危機管理専門委員会 (CERT),Private,Titanet,
533,t2r2-3,131.112.245.160/28,,Active,BRANCH,リサーチリポジトリWG (T2R2),Global,Titanet,
534,t2r2-2,172.20.6.0/24,,Active,BRANCH,リサーチリポジトリWG (T2R2),Private,Titanet,
536,elsi-2,&mdash;,,Active,BRANCH,"地球生命プライベートネットワーク, 石川台7号館-石川台8号館",L2,Titanet,
537,cent-2,&mdash;,,Active,BRANCH,"博物館プライベートネットワーク, 百年記念館-本館南間",L2,Titanet,
538,mces-1,&mdash;,,Active,BRANCH,元素戦略研究センター (S8棟監視カメラ用),L2,Titanet,
539,coi-happiness-2,131.112.248.224/28,,Active,BRANCH,以心電心ハピネス共創研究推進機構 (すずかけ台),Global,Titanet,
540,coi-happiness-1,131.112.245.144/28,,Active,BRANCH,以心電心ハピネス共創研究推進機構 (大岡山),Global,Titanet,
541,irds-1,131.112.245.128/28,,Active,BRANCH,IR室 連絡は加藤信也さん (技術職員),Global,Titanet,
542,cradle-4,131.112.43.0/26,,Active,BRANCH,"教育工学開発センター, 青柳研ネットワーク",Global,Titanet,
543,cradle-3,131.112.43.64/26,,Active,BRANCH,"教育工学開発センター, 西方研ネットワーク",Global,Titanet,
546,rcltp-2,172.24.4.0/24,,Active,BRANCH,すずかけ極低温物性センター (予約),Private,Titanet,
552,gakuseisien-4,172.21.5.0/24,,Active,BRANCH,学生支援課 学生支援センター,Private,Titanet,
553,gakuseisien-3,131.112.245.112/28,,Active,BRANCH,学生支援課 学生支援センター,Global,Titanet,
554,cert-1,131.112.245.96/28,,Active,BRANCH,情報セキュリティ監査・危機管理専門委員会 (CERT),Global,Titanet,
555,hum-10,172.20.32.128/25,,Active,BRANCH,人間行動システム専攻,Private,Titanet,
556,hum-9,131.112.87.192/26,,Active,BRANCH,人間行動システム専攻,Global,Titanet,
557,hum-8,131.112.87.128/26,,Active,BRANCH,人間行動システム専攻,Global,Titanet,
558,hum-7,131.112.87.96/27,,Active,BRANCH,人間行動システム専攻,Global,Titanet,
559,hum-6,131.112.87.64/27,,Active,BRANCH,人間行動システム専攻,Global,Titanet,
560,hum-5,131.112.87.0/26,,Active,BRANCH,人間行動システム専攻,Global,Titanet,
561,valdes-2,131.112.31.128/26,,Active,BRANCH,価値システム2,Global,Titanet,
562,valdes-1,131.112.31.0/25,,Active,BRANCH,価値システム1,Global,Titanet,
565,dst-34,172.20.71.192/26,,Reserved,BRANCH,社会工学専攻 (予備),Private,Titanet,
566,dst-33,172.20.71.128/26,,Reserved,BRANCH,社会工学専攻 (予備),Private,Titanet,
567,dst-32,172.20.71.64/26,,Reserved,BRANCH,社会工学専攻 (予備),Private,Titanet,
568,dst-31,172.20.71.0/26,,Reserved,BRANCH,社会工学専攻 (予備),Private,Titanet,
569,dst-30,172.20.70.192/26,,Active,BRANCH,,Private,Titanet,
570,dst-29,172.20.70.128/26,,Active,BRANCH,,Private,Titanet,
571,dst-28,172.20.70.64/26,,Active,BRANCH,,Private,Titanet,
572,dst-27,172.20.70.0/26,,Active,BRANCH,,Private,Titanet,
573,dst-26,172.20.69.192/26,,Active,BRANCH,,Private,Titanet,
574,dst-25,172.20.69.128/26,,Active,BRANCH,,Private,Titanet,
575,dst-24,172.20.69.64/26,,Active,BRANCH,,Private,Titanet,
576,dst-23,172.20.69.0/26,,Active,BRANCH,,Private,Titanet,
577,dst-22,172.20.68.192/26,,Active,BRANCH,,Private,Titanet,
578,dst-21,172.20.68.128/26,,Active,BRANCH,,Private,Titanet,
579,dst-20,172.20.68.64/26,,Active,BRANCH,,Private,Titanet,
580,dst-19,172.20.68.0/26,,Active,BRANCH,,Private,Titanet,
581,dst-18,172.20.67.192/26,,Active,BRANCH,,Private,Titanet,
582,dst-17,172.20.67.128/26,,Active,BRANCH,,Private,Titanet,
583,dst-16,172.20.67.64/26,,Active,BRANCH,,Private,Titanet,
584,dst-15,172.20.67.0/26,,Active,BRANCH,,Private,Titanet,
585,dst-14,172.20.66.192/26,,Active,BRANCH,,Private,Titanet,
586,dst-13,172.20.66.128/26,,Active,BRANCH,,Private,Titanet,
587,dst-12,172.20.66.64/26,,Active,BRANCH,,Private,Titanet,
588,dst-11,172.20.66.0/26,,Active,BRANCH,,Private,Titanet,
589,dst-10,172.20.65.192/26,,Active,BRANCH,,Private,Titanet,
590,dst-9,172.20.65.128/26,,Active,BRANCH,,Private,Titanet,
591,dst-8,172.20.65.64/26,,Active,BRANCH,,Private,Titanet,
592,dst-7,172.20.65.0/26,,Active,BRANCH,,Private,Titanet,
593,dst-6,172.20.64.192/26,,Active,BRANCH,,Private,Titanet,
594,dst-5,172.20.64.128/26,,Active,BRANCH,,Private,Titanet,
595,dst-4,172.20.64.64/26,,Active,BRANCH,,Private,Titanet,
596,dst-3,172.20.64.0/26,,Active,BRANCH,,Private,Titanet,
597,bio-21,131.112.47.128/26,,Active,BRANCH,,Global,Titanet,
598,hokekan-3,&mdash;,,Active,BRANCH,保健管理センターネットワーク,,Titanet,
599,dis-6,131.112.237.112/28,,Active,BRANCH,知能システム専攻 (田町),Global,Titanet,
601,envpro-2,172.24.15.0/24,,Active,BRANCH,知能システム専攻 (田町),Private,Titanet,
602,adm-1,131.112.245.64/28,,Active,BRANCH,アドミッションセンター,Global,Titanet,
603,total-2,131.112.249.128/27,,Active,BRANCH,グローバルリーダー教育院,Global,Titanet,
604,kanshicamera,&mdash;,,Active,BRANCH,学生支援課 監視カメラ,,Titanet,
605,kuramae,131.112.245.80/28,,Active,BRANCH,蔵前工業会,Global,Titanet,
606,sao-3,131.112.23.128/26,,Active,BRANCH,学務部教務課TSUBAME,Global,Titanet,
607,sao-2,131.112.249.0/27,,Active,BRANCH,教務課すずかけTV講義室,Global,Titanet,
608,ctrl-14,131.112.79.96/27,,Active,BRANCH,,Global,Titanet,
609,ctrl-13,131.112.79.128/27,,Active,BRANCH,,Global,Titanet,
610,elsi-1,131.112.112.0/24,,Active,BRANCH,,Global,Titanet,
611,ctrl-12,131.112.60.160/27,,Active,BRANCH,,Global,Titanet,
614,cic-1,131.112.237.96/28,,Active,BRANCH,,Global,Titanet,
615,ircs-1,131.112.191.0/26,,Active,BRANCH,,Global,Titanet,
616,es-8,172.24.64.64/26,,Active,BRANCH,,Private,Titanet,
617,es-7,172.24.64.0/26,,Active,BRANCH,,Private,Titanet,
618,sisetu.kanri,172.20.26.64/26,,Active,BRANCH,,Private,Titanet,
619,sisetu.server,172.20.26.0/26,,Active,BRANCH,,Private,Titanet,
620,sisetu.air-con-s,172.24.23.0/24,,Active,BRANCH,空調管理 (すずかけ台),Private,Titanet,
622,jim-3,131.112.248.144/28,,Active,BRANCH,,Global,Titanet,
623,igs-3,131.112.237.80/28,,Active,BRANCH,,Global,Titanet,
624,gsic.cc-6,172.20.18.0/24,,Active,BRANCH,監視カメラNW (VLANのみ),L2,Titanet,
626,gsic.cc-5,131.112.4.64/26,,Active,BRANCH,,Global,Titanet,
628,sisetu.denryoku-s,172.24.20.0/24,,Active,BRANCH,電力検針 (すずかけ台),Private,Titanet,
629,sisetu.denryoku-o,172.20.22.0/24,,Active,BRANCH,電力検針 (大岡山),Private,Titanet,
630,sisetu.suido-s,172.24.21.0/24,,Active,BRANCH,水道検針 (すずかけ台),Private,Titanet,
631,sisetu.suido-o,172.20.21.0/24,,Active,BRANCH,水道検針 (大岡山),Private,Titanet,
633,ee-3,131.112.88.0/27,,Active,BRANCH,,Global,Titanet,
634,cent-1,131.112.244.176/28,,Active,BRANCH,,Global,Titanet,
635,eng.annai,172.20.54.0/24,,Active,BRANCH,,Private,Titanet,
637,midl-1,131.112.244.160/28,,Active,BRANCH,中分子IT創薬研究推進体,Global,Titanet,
640,nr-8,172.20.1.64/26,,Active,BRANCH,,Private,Titanet,
641,math-5,131.112.95.192/26,,Active,BRANCH,,Global,Titanet,
642,hpcl-1,131.112.32.128/26,,Active,BRANCH,,Global,Titanet,
644,sao-1,131.112.23.0/26,,Active,BRANCH,,Global,Titanet,
645,mono-3,172.24.6.0/24,,Active,BRANCH,,Private,Titanet,
646,gakuseisien-2,172.24.22.0/27,,Active,BRANCH,,Private,Titanet,
647,gakuseisien-1,172.20.52.0/27,,Active,BRANCH,,Private,Titanet,
648,dst-2,131.112.244.144/28,,Active,BRANCH,,Global,Titanet,
649,tsd-2,131.112.248.64/28,,Active,BRANCH,,Global,Titanet,
650,tsd-1,131.112.244.128/28,,Active,BRANCH,,Global,Titanet,
651,eae-1,131.112.104.0/24,,Active,BRANCH,,Global,Titanet,
652,gsic.cc-4,131.112.4.128/26,,Active,BRANCH,,Global,Titanet,
655,sao.syoumeisyo,&mdash;,,Active,BRANCH,証明書発行機ネットワーク,,Titanet,
656,irs-1,131.112.244.112/28,,Active,BRANCH,,Global,Titanet,
657,igs-2,131.112.248.80/28,,Active,BRANCH,,Global,Titanet,
660,ipo-1,131.112.243.32/27,,Active,BRANCH,,Global,Titanet,
665,math-4,131.112.95.128/26,,Active,BRANCH,,Global,Titanet,
668,res-1,&mdash;,,Active,BRANCH,,Global,Titanet,
670,gsic.cc-3,172.20.16.0/24,,Active,BRANCH,,Private,Titanet,
671,ee-2,131.112.237.128/27,,Active,BRANCH,,Global,Titanet,
673,dis-5,131.112.137.0/27,,Active,BRANCH,,Global,Titanet,
680,ties-1,131.112.248.176/28,,Active,BRANCH,元素戦略研究センター,Global,Titanet,
681,acls-1,131.112.248.160/28,,Active,BRANCH,,Global,Titanet,
682,liberal-1,172.20.59.0/24,,Active,BRANCH,,Private,Titanet,
683,gsic-13,131.112.35.128/25,,Active,BRANCH,,Global,Titanet,
684,gsic.cc-2,172.20.17.0/24,,Active,BRANCH,,Private,Titanet,
688,cradle-2,131.112.43.192/26,,Active,BRANCH,,Global,Titanet,
691,ce-4,131.112.36.64/27,,Active,BRANCH,,Global,Titanet,
692,dis-4,131.112.137.32/27,,Active,BRANCH,,Global,Titanet,
693,iri-1,172.20.5.0/26,,Active,BRANCH,,Private,Titanet,
694,bio-20,131.112.152.128/26,,Active,BRANCH,,Global,Titanet,
695,bio-19,131.112.152.0/26,,Active,BRANCH,,Global,Titanet,
698,dis-3,131.112.172.128/27,,Active,BRANCH,,Global,Titanet,
701,dis-2,131.112.137.64/27,,Active,BRANCH,,Global,Titanet,
702,dis-1,131.112.172.0/27,,Active,BRANCH,,Global,Titanet,
703,bio-18,131.112.154.0/26,,Active,BRANCH,,Global,Titanet,
705,ide-6,&mdash;,,Active,BRANCH,"国際開発工学専攻, FLET'S光接続セグメント",L2,Titanet,
706,bio-17,131.112.144.64/28,,Active,BRANCH,,Global,Titanet,
709,sao.tv-kougi-o,131.112.23.192/26,,Active,BRANCH,,Global,Titanet,
710,ep-3,131.112.188.64/26,,Active,BRANCH,,Global,Titanet,
711,iem-1,131.112.146.192/26,,Active,BRANCH,,Global,Titanet,
712,rcd-2,131.112.85.0/26,,Active,BRANCH,,Global,Titanet,
714,bio-16,131.112.152.192/26,,Active,BRANCH,,Global,Titanet,
715,mono-2,172.20.42.0/24,,Active,BRANCH,,Private,Titanet,
716,mono-1,131.112.241.64/26,,Active,BRANCH,,Global,Titanet,
717,afs-1,131.112.74.0/26,,Active,BRANCH,,Global,Titanet,
718,bio-15,131.112.152.64/26,,Active,BRANCH,,Global,Titanet,
720,suzukake-v6,&mdash;,,Active,BRANCH,,,Titanet,
725,phys-5,131.112.244.48/28,,Active,BRANCH,,Global,Titanet,
726,apc-1,131.112.37.0/24,,Active,BRANCH,,Global,Titanet,
727,chemeng-2,131.112.59.0/24,,Active,BRANCH,,Global,Titanet,
728,mep-2,131.112.66.0/24,,Active,BRANCH,,Global,Titanet,
729,rcd-1,131.112.85.64/26,,Active,BRANCH,オープンファシリティセンター,Global,Titanet,
730,ctrl-11,131.112.60.96/27,,Active,BRANCH,,Global,Titanet,
731,mot-1,131.112.237.0/28,,Active,BRANCH,,Global,Titanet,
733,eng-2,&mdash;,,Active,BRANCH,,Global,Titanet,
734,bande-1,131.112.244.32/28,,Active,BRANCH,,Global,Titanet,
735,rcltp-1,131.112.106.0/26,,Active,BRANCH,,Global,Titanet,
736,ksvo-2,131.112.25.192/27,,Active,BRANCH,,Global,Titanet,
737,ceram-1,131.112.83.0/24,,Active,BRANCH,,Global,Titanet,
738,op-2,131.112.63.192/26,,Active,BRANCH,,Global,Titanet,
739,ksvo-1,131.112.25.0/26,,Active,BRANCH,,Global,Titanet,
740,alcs-1,131.112.245.32/28,,Active,BRANCH,,Global,Titanet,
741,is-5,131.112.51.0/26,,Active,BRANCH,,Global,Titanet,
742,is-4,131.112.40.192/26,,Active,BRANCH,,Global,Titanet,
743,flc-1,131.112.26.0/26,,Active,BRANCH,,Global,Titanet,
744,mei-8,131.112.109.192/26,,Active,BRANCH,,Global,Titanet,
745,mei-7,131.112.109.128/26,,Active,BRANCH,,Global,Titanet,
746,mei-6,131.112.109.64/26,,Active,BRANCH,,Global,Titanet,
747,mei-5,131.112.109.0/26,,Active,BRANCH,,Global,Titanet,
752,mei-4,131.112.42.192/26,,Active,BRANCH,,Global,Titanet,
753,mei-3,131.112.42.128/26,,Active,BRANCH,,Global,Titanet,
754,mei-2,131.112.42.64/26,,Active,BRANCH,,Global,Titanet,
755,mei-1,131.112.42.0/26,,Active,BRANCH,,Global,Titanet,
756,gh4,131.112.114.0/26,,Active,BRANCH,,Global,Titanet,
757,mes-12,131.112.34.192/26,,Active,BRANCH,,Global,Titanet,
758,mes-11,131.112.34.0/26,,Active,BRANCH,,Global,Titanet,
759,mes-10,131.112.99.192/26,,Active,BRANCH,,Global,Titanet,
761,pi-5,172.24.24.0/22,,Active,BRANCH,,Private,Titanet,
764,mep-1,131.112.100.0/24,,Active,BRANCH,,Global,Titanet,
765,dst-1,172.20.38.0/24,,Active,BRANCH,,Private,Titanet,
768,phys-4,131.112.52.192/26,,Active,BRANCH,,Global,Titanet,
769,phys-3,131.112.52.128/26,,Active,BRANCH,,Global,Titanet,
770,phys-2,131.112.52.0/25,,Active,BRANCH,,Global,Titanet,
771,phys-1,172.20.7.0/24,,Active,BRANCH,"物性物理学専攻, 物理事務ネットワーク",Private,Titanet,
772,sms-2,131.112.22.128/25,,Active,BRANCH,,Global,Titanet,
773,sms-1,131.112.22.0/25,,Active,BRANCH,,Global,Titanet,
776,craft-1,131.112.64.0/24,,Active,BRANCH,,Global,Titanet,
777,nanof-1,131.112.245.16/28,,Active,BRANCH,,Global,Titanet,
779,nr-7,172.20.3.64/26,,Active,BRANCH,,Private,Titanet,
782,hum-4,172.20.32.0/25,,Active,BRANCH,人間行動システム専攻,Private,Titanet,
784,rps-3,131.112.245.0/28,,Active,BRANCH,,Global,Titanet,
786,ap-1,131.112.38.0/24,,Active,BRANCH,,Global,Titanet,
788,mech-7,131.112.124.192/26,,Active,BRANCH,,Global,Titanet,
789,mech-6,131.112.124.128/26,,Active,BRANCH,,Global,Titanet,
790,mech-5,131.112.124.64/26,,Active,BRANCH,,Global,Titanet,
791,mech-4,131.112.124.0/26,,Active,BRANCH,,Global,Titanet,
792,hst-1,131.112.225.0/26,,Active,BRANCH,,Global,Titanet,
794,bio-14,131.112.153.192/26,,Active,BRANCH,,Global,Titanet,
795,hokekan-2,131.112.82.0/26,,Active,BRANCH,,Global,Titanet,
797,pe-4,131.112.92.128/26,,Active,BRANCH,,Global,Titanet,
798,envpro-1,131.112.123.0/26,,Active,BRANCH,,Global,Titanet,
799,t2r2-1,172.20.58.0/24,,Active,BRANCH,,Private,Titanet,
800,sns-1,131.112.244.16/28,,Active,BRANCH,TSUBAMEホスティング,Global,Titanet,
801,mes-9,131.112.34.64/26,,Active,BRANCH,,Global,Titanet,
802,mech-3,131.112.120.192/26,,Active,BRANCH,,Global,Titanet,
803,mech-2,131.112.120.128/26,,Active,BRANCH,,Global,Titanet,
804,mech-1,131.112.120.64/26,,Active,BRANCH,,Global,Titanet,
805,ctrl-10,131.112.45.64/26,,Active,BRANCH,,Global,Titanet,
806,nr-6,131.112.91.64/26,,Active,BRANCH,,Global,Titanet,
807,ctrl-9,131.112.79.160/27,,Active,BRANCH,,Global,Titanet,
808,total-1,131.112.241.192/26,,Active,BRANCH,,Global,Titanet,
809,jim-2,131.112.67.0/26,,Active,BRANCH,,Global,Titanet,
810,jim-1,131.112.241.0/26,,Active,BRANCH,,Global,Titanet,
811,mes-8,131.112.99.128/26,,Active,BRANCH,,Global,Titanet,
812,mes-7,131.112.99.64/26,,Active,BRANCH,,Global,Titanet,
813,mes-6,131.112.99.0/26,,Active,BRANCH,,Global,Titanet,
814,mes-5,131.112.97.192/26,,Active,BRANCH,,Global,Titanet,
815,mes-4,131.112.97.128/26,,Active,BRANCH,,Global,Titanet,
816,mes-3,131.112.97.64/26,,Active,BRANCH,,Global,Titanet,
817,mes-2,131.112.97.0/26,,Active,BRANCH,,Global,Titanet,
821,ryu-4,172.20.14.128/25,,Active,BRANCH,,Private,Titanet,
822,ryu-3,172.20.14.64/26,,Active,BRANCH,,Private,Titanet,
823,ryu-2,172.20.14.0/26,,Active,BRANCH,,Private,Titanet,
824,mes-1,131.112.34.128/26,,Active,BRANCH,,Global,Titanet,
825,rps-2,172.20.57.0/24,,Active,BRANCH,,Private,Titanet,
826,math-3,131.112.95.64/26,,Active,BRANCH,,Global,Titanet,
828,sangaku-1,131.112.240.64/26,,Active,BRANCH,,Global,Titanet,
829,polymer-3,131.112.105.192/26,,Active,BRANCH,,Global,Titanet,
830,polymer-2,131.112.105.0/25,,Active,BRANCH,,Global,Titanet,
831,ide-5,131.112.80.64/26,,Active,BRANCH,,Global,Titanet,
832,kyoiku-in-2,131.112.237.64/28,,Active,BRANCH,,Global,Titanet,
833,chem-2,131.112.19.0/24,,Active,BRANCH,,Global,Titanet,
834,cv-2,131.112.108.0/24,,Active,BRANCH,,Global,Titanet,
836,cv-1,131.112.121.0/24,,Active,BRANCH,,Global,Titanet,
837,is-3,131.112.51.192/26,,Active,BRANCH,,Global,Titanet,
838,ide-4,131.112.80.192/26,,Active,BRANCH,,Global,Titanet,
839,ide-3,172.20.25.64/26,,Active,BRANCH,,Private,Titanet,
840,ide-2,172.20.25.0/26,,Active,BRANCH,,Private,Titanet,
842,chem-1,131.112.18.0/24,,Active,BRANCH,,Global,Titanet,
843,ee-1,172.20.28.0/24,,Active,BRANCH,,Private,Titanet,
844,ctrl-8,131.112.79.192/27,,Active,BRANCH,,Global,Titanet,
845,somu.ttf-kansihi-camera,172.20.255.0/24,,Active,BRANCH,,Private,Titanet,
846,ctrl-7,131.112.79.64/27,,Active,BRANCH,,Global,Titanet,
847,ctrl-6,131.112.79.0/26,,Active,BRANCH,,Global,Titanet,
848,ctrl-5,131.112.60.192/26,,Active,BRANCH,,Global,Titanet,
849,ctrl-4,131.112.60.128/27,,Active,BRANCH,,Global,Titanet,
850,ctrl-3,131.112.60.64/27,,Active,BRANCH,,Global,Titanet,
851,ctrl-2,131.112.60.0/26,,Active,BRANCH,,Global,Titanet,
852,rps-1,172.20.23.0/24,,Active,BRANCH,,Private,Titanet,
855,bio-13,131.112.151.64/26,,Active,BRANCH,,Global,Titanet,
858,chemeng-1,172.20.24.0/24,,Active,BRANCH,,Private,Titanet,
859,polymer-1,131.112.105.128/26,,Active,BRANCH,,Global,Titanet,
860,nr-5,131.112.115.128/26,,Active,BRANCH,,,Titanet,
861,math-2,131.112.240.192/27,,Active,BRANCH,,Global,Titanet,
862,enveng-2,131.112.144.0/24,,Active,BRANCH,,Global,Titanet,
863,ssr-1,131.112.244.192/28,,Active,BRANCH,,Global,Titanet,
864,op-1,131.112.63.0/25,,Active,BRANCH,,Global,Titanet,
865,bio-12,172.24.32.0/19,,Active,BRANCH,,Private,Titanet,
870,bio-11,131.112.153.128/26,,Active,BRANCH,,Global,Titanet,
871,math-1,131.112.95.0/26,,Active,BRANCH,,Global,Titanet,
872,mue-1,131.112.240.0/26,,Active,BRANCH,,Global,Titanet,
874,libra-3,131.112.119.64/27,,Active,BRANCH,,Global,Titanet,
875,e-1,131.112.43.128/26,,Active,BRANCH,,Global,Titanet,
876,gsic-12,131.112.28.0/23,,Active,BRANCH,,Global,Titanet,
878,nr-4,131.112.91.0/26,,Active,BRANCH,,Global,Titanet,
883,nr-3,131.112.115.192/26,,Active,BRANCH,,Global,Titanet,
884,nr-2,131.112.115.64/26,,Active,BRANCH,,Global,Titanet,
885,nr-1,131.112.115.0/26,,Active,BRANCH,,Global,Titanet,
886,eng-1,172.20.56.0/26,,Active,BRANCH,,Private,Titanet,
887,gsic.cc-1,131.112.160.192/26,,Active,BRANCH,,Global,Titanet,
888,arch-2,131.112.72.0/24,,Active,BRANCH,,Global,Titanet,
889,fcrc,131.112.248.0/29,,Active,BRANCH,,Global,Titanet,
892,hum-3,131.112.39.192/26,,Active,BRANCH,,Global,Titanet,
893,depe-5,131.112.177.0/26,,Active,BRANCH,,Global,Titanet,
894,depe-4,131.112.190.0/26,,Active,BRANCH,,Global,Titanet,
895,depe-3,131.112.190.64/26,,Active,BRANCH,,Global,Titanet,
897,kanshi-camera-s,172.24.31.0/24,,Active,BRANCH,,Private,Titanet,
899,es-6,131.12.168.64/26,,Active,BRANCH,,Global,Titanet,
900,pms-2,131.112.165.64/26,,Active,BRANCH,,Global,Titanet,
901,depe-2,131.112.189.192/26,,Active,BRANCH,,Global,Titanet,
902,depe-1,131.112.189.128/26,,Active,BRANCH,,Global,Titanet,
904,geo-1,131.112.117.0/24,,Active,BRANCH,理学院 地球惑星科学系,Global,Titanet,
906,mtl-1,131.112.81.128/25,,Active,BRANCH,,Global,Titanet,
907,es-5,131.112.168.0/26,,Active,BRANCH,,Global,Titanet,
908,materia-1,131.112.150.0/24,,Active,BRANCH,,Global,Titanet,
909,sisetu.air-con-o,&mdash;,,Active,BRANCH,空調機集中管理 (大岡山),,Titanet,
910,es-4,131.112.169.192/26,,Active,BRANCH,,Global,Titanet,
911,es-3,131.112.169.128/26,,Active,BRANCH,,Global,Titanet,
912,es-2,131.112.169.64/26,,Active,BRANCH,,Global,Titanet,
913,es-1,131.112.169.0/26,,Active,BRANCH,,Global,Titanet,
914,enveng-1,131.112.148.0/24,,Active,BRANCH,,Global,Titanet,
915,hokekan-1,131.112.164.0/26,,Active,BRANCH,,Global,Titanet,
916,ryu-1,131.112.41.0/26,,Active,BRANCH,,Global,Titanet,
918,ric-2,172.26.5.0/25,,Active,BRANCH,,Private,Titanet,
919,ric-1,131.112.186.0/26,,Active,BRANCH,,Global,Titanet,
920,ide-1,172.20.25.128/26,,Active,BRANCH,,Private,Titanet,
921,ce-3,131.112.118.0/24,,Active,BRANCH,,Global,Titanet,
922,kyoiku-in-1,131.112.237.48/28,,Active,BRANCH,,Global,Titanet,
923,sisetu.kinkyu-s,&mdash;,,Active,BRANCH,緊急一斉放送 (すずかけ台),,Titanet,
924,chemenv-1,131.112.159.0/26,,Active,BRANCH,,Global,Titanet,
925,sisetu.kinkyu-o,&mdash;,,Active,BRANCH,緊急一斉放送 (大岡山),,Titanet,
926,echem-1,131.112.157.0/25,,Active,BRANCH,,Global,Titanet,
927,fcrc-1,131.112.130.0/23,,Active,BRANCH,,Global,Titanet,
928,gsic-11,172.20.13.0/24,,Active,BRANCH,,Private,Titanet,
930,pe-3,131.112.96.0/26,,Active,BRANCH,,Global,Titanet,
931,pe-2,131.112.92.0/26,,Active,BRANCH,,Global,Titanet,
932,pe-1,131.112.78.0/24,,Active,BRANCH,,Global,Titanet,
934,pi-4,131.112.174.128/26,,Active,BRANCH,,Global,Titanet,
935,pi-3,131.112.174.64/26,,Active,BRANCH,,Global,Titanet,
936,pi-2,131.112.174.0/26,,Active,BRANCH,,Global,Titanet,
937,pi-1,131.112.174.192/26,,Active,BRANCH,,Global,Titanet,
938,msl-1,131.112.140.0/23,,Active,BRANCH,,Global,Titanet,
939,noc.waf-w2,&mdash;,,Active,BRANCH,WAF,,Titanet,
946,hum-2,131.112.39.0/26,,Active,BRANCH,,Global,Titanet,
947,noc.serv-s,131.112.181.0/26,,Active,BRANCH,,Global,Titanet,
948,ce-2,131.112.36.192/26,,Active,BRANCH,,Global,Titanet,
949,arch-1,131.112.73.0/24,,Active,BRANCH,,Global,Titanet,
950,ce-1,131.112.65.0/24,,Active,BRANCH,,Global,Titanet,
951,is-2,131.112.51.128/26,,Active,BRANCH,,Global,Titanet,
953,gsic-10,172.20.11.128/26,,Active,BRANCH,,Private,Titanet,
954,gsic-9,172.20.11.64/26,,Active,BRANCH,,Private,Titanet,
955,gsic-8,172.20.11.0/26,,Active,BRANCH,,Private,Titanet,
956,gsic-7,131.112.5.128/27,,Active,BRANCH,,Global,Titanet,
957,me-1,131.112.102.0/23,,Active,BRANCH,,Global,Titanet,
958,soc-1,131.112.58.0/24,,Active,BRANCH,,Global,Titanet,
959,hum-1,131.112.107.0/24,,Active,BRANCH,人間行動システム専攻,Global,Titanet,
960,valdes-3,131.112.31.192/26,,Active,BRANCH,価値システム3,Global,Titanet,
961,bio-10,131.112.47.0/26,,Active,BRANCH,,Global,Titanet,
962,gsic-6,131.112.5.192/26,,Active,BRANCH,,Global,Titanet,
963,cradle-1,131.112.76.192/26,,Active,BRANCH,,Global,Titanet,
965,ocw-2,131.112.242.0/26,,Active,BRANCH,,Global,Titanet,
966,sisetu.kinkyu-t,&mdash;,,Active,BRANCH,緊急一斉放送 (田町),,Titanet,
967,igs-1,&mdash;,,Active,BRANCH,総理工監視カメラ,,Titanet,
968,bio-9,131.112.155.0/26,,Active,BRANCH,,Global,Titanet,
969,bio-8,131.112.151.128/26,,Active,BRANCH,,Global,Titanet,
970,bio-7,131.112.151.0/26,,Active,BRANCH,,Global,Titanet,
971,bio-6,131.112.153.64/26,,Active,BRANCH,,Global,Titanet,
972,bio-5,131.112.153.0/26,,Active,BRANCH,,Global,Titanet,
973,bio-4,172.26.3.0/26,,Active,BRANCH,,Private,Titanet,
974,bio-3,131.112.149.0/26,,Active,BRANCH,,Global,Titanet,
975,bio-2,131.112.149.64/26,,Active,BRANCH,,Global,Titanet,
976,bio-1,131.112.149.128/26,,Active,BRANCH,,Global,Titanet,
977,ep-2,172.26.3.128/26,,Active,BRANCH,,Private,Titanet,
978,jim.tsubame_db,&mdash;,,Active,BRANCH,事務ホスティング用net (管理用ネット),,Titanet,
980,pms-1,131.112.165.0/26,,Active,BRANCH,,Global,Titanet,
981,app.noc-net,&mdash;,,Active,BRANCH,,,Titanet,
982,ctrl-1,131.112.79.224/27,,Active,BRANCH,,Global,Titanet,
983,is-1,131.112.40.0/26,,Active,BRANCH,,Global,Titanet,
984,ep-1,131.112.188.0/26,,Active,BRANCH,,Global,Titanet,
985,cc.kyoiku,131.112.14.192/26,,Active,BRANCH,,Global,Titanet,
986,ip-1,131.112.161.0/26,,Active,BRANCH,,Global,Titanet,
987,gsic-5,131.112.5.96/27,,Active,BRANCH,,Global,Titanet,
988,cs-1,131.112.16.0/24,,Active,BRANCH,,Global,Titanet,
989,csc-1,&mdash;,,Active,BRANCH,,,Titanet,
990,gsic-4,131.112.5.0/26,,Active,BRANCH,,Global,Titanet,
992,gsic-3,131.112.5.160/27,,Active,BRANCH,,Global,Titanet,
993,gsic-2,172.20.10.0/24,,Active,BRANCH,,Private,Titanet,
994,isl-1,131.112.180.0/24,,Active,BRANCH,,Global,Titanet,
995,gsic-1,131.112.5.64/27,,Active,BRANCH,,Global,Titanet,
996,v6-service,&mdash;,,Active,BRANCH,,,Titanet,
997,noc-serv-o,131.112.125.0/24,,Active,BRANCH,,Global,Titanet,
999,noc-life-o,131.112.126.0/24,,Active,BRANCH,,Global,Titanet,
1002,cisco-reservd-2,&mdash;,,Reserved,NOC,CISCO Switch FDDI VLAN,,Titanet,
1003,cisco-reservd-3,&mdash;,,Reserved,NOC,CISCO Switch FDDInet VLAN,,Titanet,
1004,cisco-reservd-4,&mdash;,,Reserved,NOC,CISCO Switch TRnet VLAN,,Titanet,
1005,cisco-reservd-5,&mdash;,,Reserved,NOC,CISCO Switch Token Ring VLAN,,Titanet,
1110,flets-o-hirano1,&mdash;,,Active,PROJ,,L2,Titanet,
1111,flets-o-hirano2,&mdash;,,Active,PROJ,,L2,Titanet,
1112,flets-o-hirano3,&mdash;,,Active,PROJ,,L2,Titanet,
1113,flets-o-kyosai,&mdash;,,Active,PROJ,,L2,Titanet,
1114,flets-o-bousaikaken,&mdash;,,Active,PROJ,,L2,Titanet,
1115,flets-o-mitsuminedenki,&mdash;,,Active,PROJ,,L2,Titanet,
1116,flets-o-metagen,&mdash;,,Active,PROJ,,L2,Titanet,
1201,flets-s-oshikubo,&mdash;,,Active,PROJ,,L2,Titanet,
2008,sinet-l2-aws-eneswallow,&mdash;,,Active,PROJ,SINET L2VPN: 長谷川先生,L2,Titanet,
2009,sinet-l2-distcloud2,&mdash;,,Active,PROJ,SINET L2PVN: GSIC 北口,L2,Titanet,
2010,sinet-l2-distcloud1,&mdash;,,Active,PROJ,SINET L2PVN: GSIC 北口,L2,Titanet,
2012,sinet-l3-nifs,&mdash;,,Active,PROJ,SINET L3VPN: nr iio,L2,Titanet,
2013,sinet-l2-naoj,&mdash;,,Active,PROJ,SINET L2PVN: pyhs kawai,L2,Titanet,
2066,sinet-l2-umric,&mdash;,,Active,PROJ,SINET L2VPN: 放射線 富田先生,L2,Titanet,
2097,sinet-l2-wadci-sindan,&mdash;,,Active,PROJ,SINET L2PVN: GSIC 北口,L2,Titanet,
2098,sinet-l2-wadci-noc,&mdash;,,Active,PROJ,SINET L2PVN: GSIC 北口,L2,Titanet,
2099,sinet-l2-core-con,&mdash;,,Active,PROJ,SINET L2PVN: core-gsic=[sinet-l2vpn]=core-s1,L2,Titanet,
2104,peering-sinet-via-wide,"150.99.183.140/30

    2001:2f8:ff00:dd::/64",,Active,PEER,SINET Peering用 (WIDE経由backup),L2,Titanet,
2105,wide-l2-kitaguchi,&mdash;,,Active,PROJ,WIDE L2: Kitaguchi Lab,L2,Titanet,
2121,wide-l2-vsix,&mdash;,,Active,PROJ,WIDE L2: vSIX WG,L2,Titanet,
2300,flets-o-okuda,&mdash;,,Active,PROJ,flet's okuda,L2,Titanet,
2302,flets-o-tti,&mdash;,,Active,PROJ,flet's sakai,L2,Titanet,
2400,flets-s-sakai,&mdash;,,Active,PROJ,flet's sakai,L2,Titanet,
2401,flets-s-sakai2,&mdash;,,Active,PROJ,flet's sakai,L2,Titanet,
2402,flets-s-oosumi,&mdash;,,Active,PROJ,flet's oosumi,L2,Titanet,
3000,noc-bb-v3000,131.112.254.0/30,,Active,BB,border-o1 – border-s2,Global,Titanet,
3004,noc-bb-v3004,131.112.254.8/30,,Active,BB,core-o1 – border-o1 (OSPF for IPv6),Global,Titanet,
3005,noc-bb-v3005,131.112.254.12/30,,Active,BB,core-o2 – border-o1 (OSPF for IPv6),Global,Titanet,
3011,noc-bb-v3011,131.112.254.252/30,,Active,BB,SencerBox – border-o1 (nicter),Global,Titanet,
3014,noc-bb-v3014,131.112.254.16/30,,Active,BB,core-o1 – border-o2,Global,Titanet,
3015,noc-bb-v3015,131.112.254.20/30,,Active,BB,core-o2 – border-o2,Global,Titanet,
3028,noc-cs2-sgw,131.112.255.224/30,,Active,BB,core-s2 – sgw-s2,Global,Titanet,
3040,noc-bb-v3040,131.112.254.32/30,,Active,BB,core-o1 – core-o2,Global,Titanet,
3049,noc-nat-co1-co2,131.112.254.184/31,,Active,BB,"core-o1 – core-o2, VR-NAT",Global,Titanet,
3050,noc-bb-v3050,131.112.254.112/30,,Active,BB,core-o2 – core-s2,Global,Titanet,
3051,noc-bb-v3051,131.112.254.208/30,,Active,BB,core-o2 – tamachi-1,Global,Titanet,
3052,noc-sinetvpn-coo2-cos2,131.112.254.150/31,,Active,BB,core-o2 –[sinet-vpn]– core-s2,Global,Titanet,
3059,noc-nat-co2-cs2,131.112.254.188/31,,Active,BB,"core-o2 – core-s2, VR-NAT",Global,Titanet,
3100,noc-10go-10gs,131.112.254.6/31,,Active,BB,10g-gsic – 10g-setubi,Global,Titanet,
3104,noc-bb-cos1-bos1,131.112.254.200/31,,Active,BB,core-s1 – border-s1,Global,Titanet,
3105,noc-bb-cos2-bos1,131.112.254.202/31,,Active,BB,core-s2 – border-s1,Global,Titanet,
3140,noc-bb-v3140,131.112.254.108/30,,Active,BB,,Global,Titanet,
3142,noc-sinetvpn-coo1-cos1,131.112.254.148/31,,Active,BB,,Global,Titanet,
3149,noc-nat-co1-cs1,131.112.254.186/31,,Active,BB,nat core-o1 – core-o2,Global,Titanet,
3150,noc-bb-v3150,131.112.254.144/30,,Active,BB,,Global,Titanet,
3159,noc-nat-cs1-cs2,131.112.254.190/31,,Active,BB,nat core-s1 – core-s2,Global,Titanet,
3160,noc-co1-slbo1,131.112.254.128/30,,Active,BB,core-o1 – slb-o1,Global,Titanet,
3161,noc-co2-slbo1,131.112.254.132/30,,Active,BB,core-o2 – slb-o1,Global,Titanet,
3162,noc-co1-10go-sgwo4,131.112.254.220/31,,Active,BB,core-o1 – 10g-gsic – sgw-o4,Global,Titanet,
3163,noc-co2-10go-sgwo4,131.112.254.222/31,,Active,BB,core-o2 – 10g-gsic – sgw-o4,Global,Titanet,
3169,noc-bo1-10go-sgwo4,131.112.254.216/31,,Active,BB,border-o1 – 10g-gsic – sgw-o4,Global,Titanet,
3170,noc-co1-sgwo2,131.112.254.160/31,,Active,BB,core-o1 – sgw-o2,Global,Titanet,
3171,noc-bo1-co2-sgwo2,131.112.254.178/31,,Active,BB,border-o1 – core-o2 – sgw-o2,Global,Titanet,
3172,noc-nat-co1-sgwo2,131.112.254.164/31,,Active,BB,nat core-o1 – sgw-o2,Global,Titanet,
3174,noc-fw-trust,131.112.255.220/30,,Active,BB,Firewall trust segment,Global,Titanet,
3175,noc-cs1-sgws2,131.112.254.168/31,,Active,BB,core-s1 – sgw-s2,Global,Titanet,
3176,noc-bs1-cs2-sgws2,131.112.254.182/31,,Active,BB,border-s1 – core-s2 – sgw-s2,Global,Titanet,
3177,noc-nat-cs1-sgws2,131.112.254.172/31,,Active,BB,nat core-s1 – sgw-s2,Global,Titanet,
3178,event-nat-bdr,131.112.254.158/31,,Active,BB,,Global,Titanet,
3179,noc-bo1-fg,131.112.254.82/31,,Active,BB,border-o1 – fortigate,Global,Titanet,
3180,noc-bo1-co1-sgwo2,131.112.254.176/31,,Active,BB,border-o1 – core-o2 – sgw-o2,Global,Titanet,
3181,noc-co2-sgwo2,131.112.254.162/31,,Active,BB,core-o2 – sgw-o2,Global,Titanet,
3182,noc-nat-co2-sgwo2,131.112.254.166/31,,Active,BB,nat core-o2 – sgw-o2,Global,Titanet,
3183,noc-eventnat-bo1-sgwo2,131.112.254.156/31,,Active,BB,nat border-o1 – sgw-o2,Global,Titanet,
3184,noc-fw-untrust,131.112.254.174/31,,Active,BB,Firewall untrust segment,Global,Titanet,
3185,noc-bs1-cs1-sgws2,131.112.254.180/31,,Active,BB,border-s1 – core-s1 – sgw-s2,Global,Titanet,
3186,noc-cs2-sgws2,131.112.254.170/31,,Active,BB,core-s2 – sgw-s2,Global,Titanet,
3187,noc-nat-cs2-sgws2,131.112.254.174/31,,Active,BB,nat core-s2 – sgw-s2,Global,Titanet,
3188,noc-nat-co2-fg,131.112.254.78/31,,Active,BB,nat core-o2 – fortigate,Global,Titanet,
3189,noc-co2-fg,131.112.254.80/31,,Active,BB,core-o2 – fortigate,Global,Titanet,
3240,noc-bb-v3240,131.112.254.204/30,,Active,BB,,Global,Titanet,
3260,mrr_frm_honkan_prx-res,&mdash;,,Active,BB,,,Titanet,
3261,mrr_frm_setsubi_prx-res,&mdash;,,Active,BB,,,Titanet,
3360,noc-crs1-slbs1,131.112.254.136/30,,Active,BB,core-s1 – slb-s1,Global,Titanet,
3361,noc-crs2-slbs1,131.112.255.140/30,,Active,BB,core-s2 – slb-s1,Global,Titanet,
3404,noc-vr-coo1-boo1,131.112.254.58/31,,Active,BB,vr core-o1 – border-o1,Global,Titanet,
3415,noc-vr-coo2-boo1,131.112.254.70/31,,Active,BB,vr core-o2 – border-o1,Global,Titanet,
3440,noc-vr-coo2-coo1,131.112.254.62/31,,Active,BB,vr core-o2 – core-o1,Global,Titanet,
3450,noc-vr-cos1-coo1,131.112.254.64/31,,Active,BB,vr core-s1 – core-o1,Global,Titanet,
3460,noc-vr-cos2-coo2,131.112.254.66/31,,Active,BB,vr core-s2 – core-o2,Global,Titanet,
3504,noc-vr-cos1-bos1,131.112.254.72/31,,Active,BB,vr core-s1 – border-s1,Global,Titanet,
3514,noc-vr-cos2-bos1,131.112.254.74/31,,Active,BB,vr core-s2 – border-s1,Global,Titanet,
3540,noc-vr-cos2-cos1,131.112.254.76/31,,Active,BB,vr core-s2 – core-s1,Global,Titanet,
1202,flets_satohsyoji,&mdash;,,Active,&mdash;,,,,
1203,flets_hatori,&mdash;,,Active,&mdash;,,,,
